{
    "accuracy": 0.9882742798878409,
    "precision": 0.9877800407331976,
    "recall": 0.9965753424657534,
    "f1_score": 0.9921581997954313,
    "roc_auc": 0.9840492221964245,
    "cv_accuracy_mean": 0.9884758916641525,
    "cv_accuracy_std": 0.002048463144174904,
    "cv_scores": [
        0.987764465969921,
        0.9908210096889342,
        0.9900560938296787,
        0.9849566547679756,
        0.9887812340642529
    ]
}